id;create_at;update_at;deleted_at;donation_id;donation_type;donation_desc;donation_month;donation_cost;room_id;status
1;2024-04-20T13:53:05;2024-04-20T14:38:22;2024-04-20T04:57:07;ew knotty whereas;leopard;blather failing;howitzer modulo;17602;abaft oh;failing
2;2024-04-21T02:43:37;2024-04-21T01:20:25;2024-04-20T21:37:36;unethically;reproachfully;huzzah;apparatus hm;27808;gratify verbally inbox;dependable
3;2024-04-21T02:18:30;2024-04-20T21:12:18;2024-04-20T05:31:08;towards accordance vainly;aw;even fascinate fast;within;16577;via reverse;with
4;2024-04-20T20:07:20;2024-04-20T06:48:57;2024-04-21T04:07:52;unfortunate vaporize;fire mmm;than;if silently which;9895;pro;polarization ah er
5;2024-04-21T02:21:57;2024-04-20T22:35:58;2024-04-21T00:01:42;until inasmuch provided;yet dirty become;hard imaginary hake;unlike gah;28037;ugh considering phooey;when pfft boom
6;2024-04-21T00:01:26;2024-04-20T16:27:07;2024-04-20T17:47:54;puff perfect;towards automatic;during;wholly purge;18620;remix;whose
7;2024-04-20T20:48:29;2024-04-20T13:27:03;2024-04-20T20:46:56;before;blister poll pawnshop;dapper bobcat furiously;off-ramp even;30637;during woozy um;bitterly past
8;2024-04-20T19:25:58;2024-04-20T14:57:17;2024-04-20T18:05:45;lest monitoring;at materialise;ah yippee;between teepee tail;19926;ear outstanding canalise;zesty
9;2024-04-20T21:37:50;2024-04-20T22:12:50;2024-04-20T13:04:27;mid abaft while;pace cute yuck;mortal modeling eek;reconfigure;17292;oh intent;off-ramp
10;2024-04-20T12:46:59;2024-04-21T01:05:24;2024-04-21T00:08:29;crinoline before although;towards quarrelsomely;if branch gently;with once frantically;30086;upwardly epitomise;composed convertible slim
