id;create_at;update_at;deleted_at;title;content;user_id
1;2024-04-20T15:21:25;2024-04-20T23:11:47;2024-04-21T02:20:29;ick;tattle by overprint;godmother
2;2024-04-20T09:48:03;2024-04-20T05:48:33;2024-04-20T19:38:40;thunderous;scholarly instead radiate;vanadyl delegate lumbering
3;2024-04-20T19:24:23;2024-04-20T09:37:13;2024-04-20T15:00:50;pish desensitise er;till;overconfidently
4;2024-04-20T20:32:47;2024-04-20T23:31:19;2024-04-20T18:19:06;especially;apropos than;phooey acre without
5;2024-04-20T12:17:58;2024-04-21T02:10:24;2024-04-20T08:16:29;fries if considering;as;lieutenant ah
6;2024-04-20T21:43:53;2024-04-20T17:15:06;2024-04-20T07:20:45;aw ew;writhing active shyly;outside
7;2024-04-21T01:46:07;2024-04-20T05:00:27;2024-04-21T00:43:54;certainly misunderstand;meaningfully;unlock
8;2024-04-20T19:06:33;2024-04-20T12:41:17;2024-04-20T20:01:34;foment;likewise outline gosling;psst lazily
9;2024-04-20T05:57:17;2024-04-21T02:23:54;2024-04-20T17:10:04;till squiggly;apropos but broccoli;punctuation gracefully harvest
10;2024-04-20T05:46:31;2024-04-20T20:26:56;2024-04-20T14:49:23;beautify fooey;nice um;diphthongize sniveling mechanically
