id;create_at;update_at;deleted_at;status;user_id;title;message;reply;note
1;2024-04-20T10:40:30;2024-04-20T22:35:30;2024-04-20T08:19:17;um likely pace;garrotte duh;jubilantly;why eek height;astride;frankly
2;2024-04-21T00:45:00;2024-04-20T05:00:36;2024-04-20T07:12:00;boohoo wherever leading;until adventurously pamphlet;futon limply while;dizzy;the;inquisitively
3;2024-04-20T08:39:54;2024-04-21T02:20:14;2024-04-20T12:16:44;macaw concerning;bah along;thongs during wilted;admin;very that;debt theme wisely
4;2024-04-21T02:19:09;2024-04-21T03:37:29;2024-04-21T01:20:44;road;overreact;coconut;reconvene loyally um;reassuringly imperfect;incidentally
5;2024-04-20T22:01:48;2024-04-20T12:23:11;2024-04-21T04:27:18;but out riffle;third once;how;selfishly boo;monotheism wiggle;polished brush
6;2024-04-20T09:40:53;2024-04-21T00:06:57;2024-04-20T12:02:48;lightly foment near;box rundown;product;bountiful;impartial pirouette ah;consult utterly zigzag
7;2024-04-21T00:08:58;2024-04-20T15:04:05;2024-04-21T03:55:17;doubtfully venerated ew;behind frost;slice;mention gadzooks;along barring;jovial mysterious
8;2024-04-20T13:57:42;2024-04-20T13:05:28;2024-04-20T07:30:43;neatly carelessly;as than;rick consequently pro;of geez;jovially until;zowie automate
9;2024-04-21T01:23:25;2024-04-20T19:18:59;2024-04-20T05:47:48;properly atop;beside sandy prize;venison yet;organic predecease essential;apprehensive;knowledgeably whether
10;2024-04-20T09:02:30;2024-04-21T02:07:17;2024-04-20T17:02:24;provided well since;huzzah pesky pace;onto;hike citizenship;bashfully;expensive
