id;create_at;update_at;deleted_at;room_id;area;own_time;owner_id;owner_name;status
1;2024-04-21T03:00:57;2024-04-20T09:25:16;2024-04-20T11:55:31;neatly;pootle than unethically;aside responsible;statement;divan testify;seriously
2;2024-04-20T11:32:03;2024-04-21T01:00:10;2024-04-20T05:48:55;round;fervently;phew imperfect;off excepting down;yippee pfft reassuringly;save between
3;2024-04-20T15:43:05;2024-04-20T10:26:48;2024-04-20T09:07:06;yippee jubilant sail;priest psst knowing;ladder enquiry;scud aquaplane;woot;willfully merry before
4;2024-04-20T20:42:26;2024-04-20T19:18:37;2024-04-20T06:12:42;provided fulminate;worthy wherever rewarding;broadly;amidst ultimate bony;expose duh;glimpse vastly
5;2024-04-20T11:17:28;2024-04-20T13:43:09;2024-04-21T04:22:18;a upwardly;apply truly;brightly;even wherever victoriously;off;ew whose monthly
6;2024-04-20T20:24:58;2024-04-20T22:58:48;2024-04-20T12:29:37;back;aboard linear;gosh;unsightly;phew exactly reproach;outside
7;2024-04-21T00:35:54;2024-04-20T18:47:20;2024-04-21T02:39:52;how;atop;powerfully blah by;beneath gah warn;mock following;whoa badly
8;2024-04-20T07:57:30;2024-04-20T05:20:28;2024-04-20T22:06:53;even impossible;liver;how asterisk;pro woot gamebird;huzzah hastily agile;mime
9;2024-04-21T04:19:57;2024-04-21T01:56:44;2024-04-20T07:38:07;couch and considering;needily eek flavor;hypnotise zealous hm;boo yak;pressure;bah wield
10;2024-04-21T00:05:29;2024-04-20T08:16:00;2024-04-20T21:35:15;yuck huzzah;clang um even;knowingly;remainder;till jumbo tame;untrue sans
