id;create_at;update_at;deleted_at;vehicle_name;vehicle_type;vehicle_id;room_id;owner_id;vehicle_fee
1;2024-04-20T21:23:21;2024-04-21T01:07:05;2024-04-21T00:12:09;below curiously;very;beloved buoyant shimmering;arid incidentally crayon;body yawningly burgeon;20534
2;2024-04-20T22:08:12;2024-04-20T18:39:37;2024-04-20T09:44:37;madly;toady psst;info cameo;provided;psst and uh-huh;12063
3;2024-04-21T00:11:10;2024-04-20T15:25:48;2024-04-20T07:46:39;boo for mmm;because;yum;thrill once;reassuringly;1912
4;2024-04-21T02:09:04;2024-04-21T04:01:52;2024-04-20T14:05:57;vapid outside midst;why considering and;president untidy unless;seclude boo ugh;compensation double actually;22926
5;2024-04-21T01:53:28;2024-04-20T23:05:56;2024-04-20T17:18:22;notwithstanding within broadly;kosher;yahoo save;neatly who;gee;17161
6;2024-04-20T12:28:35;2024-04-20T11:59:57;2024-04-20T15:30:59;lest;depot whereas where;after times;times however whether;modulo;14075
7;2024-04-20T14:24:52;2024-04-21T02:49:18;2024-04-20T05:37:23;innocent probe;across;yuck;immaculate;unseat cactus dishonor;1563
8;2024-04-20T18:59:41;2024-04-20T21:12:19;2024-04-20T12:55:58;softly;amongst sedately suspiciously;whenever checkbook between;solemnize;camper tan;3091
9;2024-04-20T05:11:30;2024-04-21T02:11:24;2024-04-21T00:04:59;qua dearest unlike;juicy;crossly tan;supposing but reflecting;energetically intently;4715
10;2024-04-20T17:29:47;2024-04-20T18:43:34;2024-04-20T23:28:08;the chance cummerbund;loud meh beautifully;pish;restfully turf;strict per;24027
